sku,Size,Paper,Color,250,500,1000,2500,5000,10000,15000,20000,25000,30000,35000,40000,45000,50000,55000,60000,65000,70000,75000,80000,85000,90000,95000,100000
hangtags,"2"" x 2""",100 lb. Gloss Cover (C2S) with Aqueous Coating,Full Color Front (No Back),20,24,29,46,78,150,221.6,292.8,363.6,434,504,573.6,642.8,711.6,780,848,915.6,982.8,1049.6,1116,1182,1247.6,1312.8,1377.6
hangtags,"2"" x 2""",100 lb. Gloss Cover (C2S) with Aqueous Coating,Full Color Both Sides,22,26,30.2,50,82,158.4,234.4,310,385.2,460,534.4,608.4,682,755.2,828,900.4,972.4,1044,1115.2,1186.00,1256.4,1326.4,1396,1465.2
hangtags,"2"" x 2""",14 pt. Gloss Coated Cover (C2S) with High Gloss UV,Full Color Front (No Back),14,16.6,20.4,41.6,68.6,139,209.24,279.32,349.24,419,488.6,558.04,627.32,696.44,765.4,834.2,902.84,971.32,1039.64,1107.8,1175.8,1243.64,1311.32,1378.84
hangtags,"2"" x 2""",14 pt. Gloss Coated Cover (C2S) with High Gloss UV,Full Color Both Sides,15.2,17.6,21.8,43.6,71.6,143.6,215.4,287,358.4,429.6,500.6,571.4,642,712.4,782.6,852.6,922.4,992,1061.4,1130.6,1199.6,1268.4,1337,1405.4
hangtags,"2"" x 2.25"" Vertical",100 lb. Gloss Cover (C2S) with Aqueous Coating,Full Color Front (No Back),21.25,25.5,30.75,48,81.5,156.25,230.55,304.4,377.8,450.75,523.25,595.3,666.9,738.05,808.75,879,948.8,1018.15,1087.05,1155.5,1223.5,1291.05,1358.15,1424.8
hangtags,"2"" x 2.25"" Vertical",100 lb. Gloss Cover (C2S) with Aqueous Coating,Full Color Both Sides,23.5,27.75,32.1,52.5,86,165.7,244.95,323.75,402.1,480,557.45,634.45,711,787.1,862.75,937.95,1012.7,1087,1160.85,1234.25,1307.2,1379.7,1451.75,1523.35
hangtags,"2"" x 2.25"" Vertical",14 pt. Gloss Coated Cover (C2S) with High Gloss UV,Full Color Front (No Back),14.5,17.17,21.08,43.05,70.93,143.88,216.64,289.23,361.64,433.88,505.92,577.79,649.48,721,792.33,863.47,934.44,1005.24,1075.84,1146.28,1216.53,1286.59,1356.49,1426.19
hangtags,"2"" x 2.25"" Vertical",14 pt. Gloss Coated Cover (C2S) with High Gloss UV,Full Color Both Sides,15.85,18.3,22.65,45.3,74.3,149.05,223.58,297.88,371.95,445.8,519.42,592.83,666,738.95,811.68,884.18,956.45,1028.5,1100.32,1171.93,1243.3,1314.45,1385.38,1456.07
hangtags,"2"" x 2.5"" Vertical",100 lb. Gloss Cover (C2S) with Aqueous Coating,Full Color Front (No Back),22.5,27,32.5,50,85,162.5,239.5,316,392,467.5,542.5,617,691,764.5,837.5,910,982,1053.5,1124.5,1195,1265,1334.5,1403.5,1472
hangtags,"2"" x 2.5"" Vertical",100 lb. Gloss Cover (C2S) with Aqueous Coating,Full Color Both Sides,25,29.5,34,55,90,173,255.5,337.5,419,500,580.5,660.5,740,819,897.5,975.5,1053,1130,1206.5,1282.5,1358,1433,1507.5,1581.5
hangtags,"2"" x 2.5"" Vertical",14 pt. Gloss Coated Cover (C2S) with High Gloss UV,Full Color Front (No Back),15,17.75,21.75,44.5,73.25,148.75,224.05,299.15,374.05,448.75,523.25,597.55,671.65,745.55,819.25,892.75,966.05,1039.15,1112.05,1184.75,1257.25,1329.55,1401.65,1473.55
hangtags,"2"" x 2.5"" Vertical",14 pt. Gloss Coated Cover (C2S) with High Gloss UV,Full Color Both Sides,16.5,19,23.5,47,77,154.5,231.75,308.75,385.5,462,538.25,614.25,690,765.5,840.75,915.75,990.5,1065,1139.25,1213.25,1287,1360.5,1433.75,1506.75
hangtags,"2"" x 2.75"" Vertical",100 lb. Gloss Cover (C2S) with Aqueous Coating,Full Color Front (No Back),23.75,28.5,34.25,52,88.5,168.75,248.45,327.6,406.2,484.25,561.75,638.7,715.1,790.95,866.25,941,1015.2,1088.85,1161.95,1234.5,1306.5,1377.95,1448.85,1519.2
hangtags,"2"" x 2.75"" Vertical",100 lb. Gloss Cover (C2S) with Aqueous Coating,Full Color Both Sides,26.5,31.25,35.9,57.5,94,180.3,266.05,351.25,435.9,520,603.55,686.55,769,850.9,932.25,1013.05,1093.3,1173,1252.15,1330.75,1408.8,1486.3,1563.25,1639.65
hangtags,"2"" x 2.75"" Vertical",14 pt. Gloss Coated Cover (C2S) with High Gloss UV,Full Color Front (No Back),15.5,18.32,22.43,45.95,75.58,153.63,231.45,309.06,386.45,463.63,540.57,617.3,693.81,770.11,846.18,922.02,997.66,1073.06,1148.25,1223.23,1297.98,1372.5,1446.81,1520.9
hangtags,"2"" x 2.75"" Vertical",14 pt. Gloss Coated Cover (C2S) with High Gloss UV,Full Color Both Sides,17.15,19.7,24.35,48.7,79.7,159.95,239.93,319.63,399.05,478.2,557.07,635.68,714,792.05,869.82,947.32,1024.55,1101.5,1178.17,1254.58,1330.7,1406.55,1482.13,1557.42
hangtags,"2"" x 3"" Vertical",100 lb. Gloss Cover (C2S) with Aqueous Coating,Full Color Front (No Back),25,30,36,54,92,175,257.4,339.2,420.4,501,581,660.4,739.2,817.4,895,972,1048.4,1124.2,1199.4,1274,1348,1421.4,1494.2,1566.4
hangtags,"2"" x 3"" Vertical",100 lb. Gloss Cover (C2S) with Aqueous Coating,Full Color Both Sides,28,33,37.8,60,98,187.6,276.6,365,452.8,540,626.6,712.6,798,882.8,967,1050.6,1133.6,1216,1297.8,1379,1459.6,1539.6,1619,1697.8
hangtags,"2"" x 3"" Vertical",14 pt. Gloss Coated Cover (C2S) with High Gloss UV,Full Color Front (No Back),16,18.9,23.1,47.4,77.9,158.5,238.86,318.98,398.86,478.5,557.9,637.06,715.98,794.66,873.1,951.3,1029.26,1106.98,1184.46,1261.7,1338.7,1415.46,1491.98,1568.26
hangtags,"2"" x 3"" Vertical",14 pt. Gloss Coated Cover (C2S) with High Gloss UV,Full Color Both Sides,17.8,20.4,25.2,50.4,82.4,165.4,248.1,330.5,412.6,494.4,575.9,657.1,738,818.6,898.9,978.9,1058.6,1138,1217.1,1295.9,1374.4,1452.6,1530.5,1608.1
hangtags,"2"" x 3.5"" Vertical U.S. Standard",100 lb. Gloss Cover (C2S) with Aqueous Coating,Full Color Front (No Back),20.5,24.6,29.7,54.5,92,177,261.58,345.46,428.64,511.12,592.9,673.98,754.36,834.04,913.02,991.3,1068.88,1145.76,1221.94,1297.42,1372.2,1446.28,1519.66,1592.34
hangtags,"2"" x 3.5"" Vertical U.S. Standard",100 lb. Gloss Cover (C2S) with Aqueous Coating,Full Color Both Sides,22.6,26.7,31.8,61.5,102.5,191,279.08,366.74,453.98,540.8,627.2,713.18,798.74,883.88,968.6,1052.9,1136.78,1220.24,1303.28,1385.9,1468.1,1549.88,1631.24,1712.18
hangtags,"2"" x 3.5"" Vertical U.S. Standard",14 pt. Gloss Coated Cover (C2S) with High Gloss UV,Full Color Front (No Back),14.9,17.95,22.14,45.75,73.94,147.88,221.75,295.34,368.65,441.68,514.43,586.9,659.09,731,802.63,873.98,945.05,1015.84,1086.35,1156.58,1226.53,1296.2,1365.59,1434.7
hangtags,"2"" x 3.5"" Vertical U.S. Standard",14 pt. Gloss Coated Cover (C2S) with High Gloss UV,Full Color Both Sides,15.6,18.3,22.7,47.15,79.96,159.92,239.67,319.21,398.54,477.66,556.57,635.27,713.76,792.04,870.11,947.97,1025.62,1103.06,1180.29,1257.31,1334.12,1410.72,1487.11,1563.29
hangtags,"2"" x 3.75"" Vertical",100 lb. Gloss Cover (C2S) with Aqueous Coating,Full Color Front (No Back),21.25,25.5,30.75,56.25,95,182.5,269.55,355.85,441.4,526.2,610.25,693.55,776.1,857.9,938.95,1019.25,1098.8,1177.6,1255.65,1332.95,1409.5,1485.3,1560.35,1634.65
hangtags,"2"" x 3.75"" Vertical",100 lb. Gloss Cover (C2S) with Aqueous Coating,Full Color Both Sides,23.5,27.75,33,63.75,106.25,197.5,288.3,378.65,468.55,558,647,735.55,823.65,911.3,998.5,1085.25,1171.55,1257.4,1342.8,1427.75,1512.25,1596.3,1679.9,1763
hangtags,"2"" x 3.75"" Vertical",14 pt. Gloss Coated Cover (C2S) with High Gloss UV,Full Color Front (No Back),16,18.75,23.25,48.38,82.1,164.2,246.08,327.73,409.15,490.35,571.33,652.07,732.6,812.9,892.97,972.82,1052.45,1131.85,1211.02,1289.97,1368.7,1447.2,1525.48,1603.52
hangtags,"2"" x 3.75"" Vertical",14 pt. Gloss Coated Cover (C2S) with High Gloss UV,Full Color Both Sides,16,18.75,23.25,48.38,82.1,164.2,246.08,327.73,409.15,490.35,571.33,652.07,732.6,812.9,892.97,972.82,1052.45,1131.85,1211.02,1289.97,1368.7,1447.2,1525.48,1603.52
hangtags,"2"" x 4"" Vertical",100 lb. Gloss Cover (C2S) with Aqueous Coating,Full Color Front (No Back),22,26.4,31.8,58,98,188,277.52,366.24,454.16,541.28,627.6,713.12,797.84,881.76,964.88,1047.2,1128.72,1209.44,1289.36,1368.48,1446.8,1524.32,1601.04,1676.96
hangtags,"2"" x 4"" Vertical",100 lb. Gloss Cover (C2S) with Aqueous Coating,Full Color Both Sides,24.4,28.8,34.2,66,110,204,297.52,390.56,483.12,575.2,666.8,757.92,848.56,938.72,1028.4,1117.6,1206.32,1294.56,1382.32,1469.6,1556.4,1642.72,1728.56,1813.92
hangtags,"2"" x 4"" Vertical",14 pt. Gloss Coated Cover (C2S) with High Gloss UV,Full Color Front (No Back),15.6,18.8,23.16,48,77.36,154.72,232,308.96,385.6,461.92,537.92,613.6,688.96,764,838.72,913.12,987.2,1060.96,1134.4,1207.52,1280.32,1352.8,1424.96,1496.8
hangtags,"2"" x 4"" Vertical",14 pt. Gloss Coated Cover (C2S) with High Gloss UV,Full Color Both Sides,16.4,19.2,23.8,49.6,84.24,168.48,252.48,252.48,419.76,503.04,586.08,668.88,751.44,833.76,915.84,997.68,1079.28,1160.64,1241.76,1322.64,1403.28,1483.68,1563.84,1643.76
hangtags,"2"" x 4.25"" Vertical",100 lb. Gloss Cover (C2S) with Aqueous Coating,Full Color Front (No Back),22.75,22.75,32.85,59.75,101,193.5,285.49,376.63,466.92,556.36,644.95,732.69,819.58,905.62,990.81,1075.15,1158.64,1241.28,1323.07,1404.01,1484.1,1563.34,1641.73,1719.27
hangtags,"2"" x 4.25"" Vertical",100 lb. Gloss Cover (C2S) with Aqueous Coating,Full Color Both Sides,25.3,29.85,35.4,68.25,113.75,210.5,306.74,402.47,497.69,592.4,686.6,780.29,873.47,966.14,966.14,1075.15,1241.09,1331.72,1421.84,1511.45,1600.55,1689.14,1777.22,1719.27
hangtags,"2"" x 4.25"" Vertical",14 pt. Gloss Coated Cover (C2S) with High Gloss UV,Full Color Front (No Back),15.95,19.22,23.67,49.13,79.07,158.14,237.13,315.77,394.07,472.04,549.66,626.95,703.9,780.5,856.77,932.69,1008.27,1083.52,1158.42,1232.99,1307.21,1381.1,1454.64,1684
hangtags,"2"" x 4.25"" Vertical",14 pt. Gloss Coated Cover (C2S) with High Gloss UV,Full Color Both Sides,16.8,19.65,24.35,50.83,86.38,172.76,258.89,344.75,430.37,515.73,600.84,685.69,770.28,854.62,938.7,1022.54,1106.11,1189.43,1272.5,1355.3,1437.86,1520.16,1602.21,1684
hangtags,"2"" x 4.5"" Vertical",100 lb. Gloss Cover (C2S) with Aqueous Coating,Full Color Front (No Back),23.5,28.2,33.9,61.5,104,199,293.46,387.02,479.68,571.44,662.3,752.26,841.32,929.48,1016.74,1103.1,1188.56,1273.12,1356.78,1439.54,1521.4,1602.36,1682.42,1761.58
hangtags,"2"" x 4.5"" Vertical",100 lb. Gloss Cover (C2S) with Aqueous Coating,Full Color Both Sides,26.2,30.9,36.6,70.5,117.5,217,315.96,414.38,512.26,609.6,706.4,802.66,898.38,993.56,1088.2,1182.3,1275.86,1368.88,1461.36,1553.3,1644.7,1735.56,1825.88,1915.66
hangtags,"2"" x 4.5"" Vertical",14 pt. Gloss Coated Cover (C2S) with High Gloss UV,Full Color Front (No Back),16.3,19.65,24.18,50.25,80.78,161.56,242.25,322.58,402.55,482.16,561.41,640.3,718.83,797,874.81,952.26,1029.35,1106.08,1182.45,1258.46,1334.11,1409.4,1484.33,1558.9
hangtags,"2"" x 4.5"" Vertical",14 pt. Gloss Coated Cover (C2S) with High Gloss UV,Full Color Both Sides,17.2,20.1,24.9,52.05,88.52,177.04,265.29,353.27,440.98,528.42,615.59,702.49,789.12,875.48,961.57,1047.39,1132.94,1218.22,1303.23,1387.97,1472.44,1556.64,1640.57,1724.23
hangtags,"2"" x 4.75"" Vertical",100 lb. Gloss Cover (C2S) with Aqueous Coating,Full Color Front (No Back),24.25,29.1,34.95,63.25,107,204.5,301.43,397.41,492.44,586.52,679.65,771.83,863.06,953.34,1042.67,1131.05,1218.48,1304.96,1390.49,1475.07,1558.7,1641.38,1803.89,1803.89
hangtags,"2"" x 4.75"" Vertical",100 lb. Gloss Cover (C2S) with Aqueous Coating,Full Color Both Sides,27.1,31.95,37.8,72.75,121.25,223.5,325.18,426.29,526.83,626.8,726.2,825.03,923.29,1020.98,1118.1,1214.65,1310.63,1406.04,1500.88,1595.15,1688.85,1781.98,1874.54,1966.53
hangtags,"2"" x 4.75"" Vertical",14 pt. Gloss Coated Cover (C2S) with High Gloss UV,Full Color Front (No Back),16.65,20.07,24.69,51.38,82.49,164.98,247.38,329.39,411.03,492.28,573.15,653.65,733.76,813.5,892.86,971.83,1050.43,1128.64,1206.47,1283.93,1361,1437.7,1514.01,1589.95
hangtags,"2"" x 4.75"" Vertical",14 pt. Gloss Coated Cover (C2S) with High Gloss UV,Full Color Both Sides,17.6,17.6,51.38,53.28,90.66,181.32,271.7,361.79,451.59,541.11,630.35,719.3,807.96,896.34,984.43,1072.25,1159.77,1247.01,1333.97,1420.63,1507.02,1593.12,1678.94,1764.47
hangtags,"2"" x 5"" Vertical",100 lb. Gloss Cover (C2S) with Aqueous Coating,Full Color Front (No Back),25,30,36,65,110,210,309.4,407.8,505.2,601.6,697,791.4,884.8,977.2,1068.6,1159,1248.4,1336.8,1424.2,1510.6,1596,1680.4,1763.8,1846.2
hangtags,"2"" x 5"" Vertical",100 lb. Gloss Cover (C2S) with Aqueous Coating,Full Color Both Sides,28,33,39,75,125,230,334.4,438.2,541.4,644,746,847.4,948.2,1048.4,1148,1247,1345.4,1443.2,1540.4,1637,1733,1828.4,1923.2,2017.4
hangtags,"2"" x 5"" Vertical",14 pt. Gloss Coated Cover (C2S) with High Gloss UV,Full Color Front (No Back),17,20.5,25.2,52.5,84.2,168.4,252.5,336.2,419.5,502.4,584.9,667,748.7,830,910.9,991.4,1071.5,1151.2,1230.5,1309.4,1387.9,1466,1543.7,1621
hangtags,"2"" x 5"" Vertical",14 pt. Gloss Coated Cover (C2S) with High Gloss UV,Full Color Both Sides,18,21,26,54.5,92.8,185.6,278.1,370.3,462.2,553.8,645.1,736.1,826.8,917.2,1007.3,1097.1,1186.6,1275.8,1364.7,1453.3,1541.6,1629.6,1717.3,1804.7
hangtags,"2"" x 5.25"" Vertical",100 lb. Gloss Cover (C2S) with Aqueous Coating,Full Color Front (No Back),25.75,29.85,33.9,58.35,93.05,179.8,266.34,352.67,438.79,524.7,610.4,695.89,781.17,866.24,951.1,1035.75,1120.19,1204.42,1288.44,1372.25,1455.85,1539.24,1622.42,1705.39
hangtags,"2"" x 5.25"" Vertical",100 lb. Gloss Cover (C2S) with Aqueous Coating,Full Color Both Sides,27.85,31.95,37.05,63.6,100.4,192.4,283.88,352.67,465.25,555.15,644.53,733.38,821.7,909.5,996.77,1083.52,1169.75,1255.45,1340.63,1425.27,1509.4,1593,1676.08,1758.63
hangtags,"2"" x 5.25"" Vertical",14 pt. Gloss Coated Cover (C2S) with High Gloss UV,Full Color Front (No Back),17.77,20.4,25.5,51,81.5,163,244.39,325.69,406.87,487.95,568.93,649.79,730.56,811.22,891.77,972.23,1052.57,1132.81,1212.95,1292.98,1372.9,1452.72,1532.43,1612.04
hangtags,"2"" x 5.25"" Vertical",14 pt. Gloss Coated Cover (C2S) with High Gloss UV,Full Color Both Sides,19.77,23.03,28.13,53.1,88.85,177.7,266.34,354.77,442.99,531,618.8,706.39,793.77,880.94,967.9,1054.65,1141.19,1227.52,1313.64,1399.55,1485.25,1570.74,1656.02,1741.09
hangtags,"2"" x 5.25"" Vertical",100 lb. Gloss Cover (C2S) with Aqueous Coating,Full Color Front (No Back),25.75,29.85,33.9,58.35,93.05,179.8,266.34,352.67,438.79,524.7,610.4,695.89,781.17,866.24,951.1,1035.75,1120.19,1204.42,1288.44,1372.25,1455.85,1539.24,1622.42,1705.39
hangtags,"2"" x 5.25"" Vertical",100 lb. Gloss Cover (C2S) with Aqueous Coating,Full Color Both Sides,27.85,31.95,37.05,63.6,100.4,192.4,283.88,352.67,465.25,555.15,644.53,733.38,821.7,909.5,996.77,1083.52,1169.75,1255.45,1340.63,1425.27,1509.4,1593,1676.08,1758.63
hangtags,"2"" x 5.25"" Vertical",14 pt. Gloss Coated Cover (C2S) with High Gloss UV,Full Color Front (No Back),17.77,20.4,25.5,51,81.5,163,244.39,325.69,406.87,487.95,568.93,649.79,730.56,811.22,891.77,972.23,1052.57,1132.81,1212.95,1292.98,1372.9,1452.72,1532.43,1612.04
hangtags,"2"" x 5.25"" Vertical",14 pt. Gloss Coated Cover (C2S) with High Gloss UV,Full Color Both Sides,19.77,23.03,28.13,53.1,88.85,177.7,266.34,354.77,442.99,531,618.8,706.39,793.77,880.94,967.9,1054.65,1141.19,1227.52,1313.64,1399.55,1485.25,1570.74,1656.02,1741.09
hangtags,"2"" x 5.5"" Vertical",100 lb. Gloss Cover (C2S) with Aqueous Coating,Full Color Front (No Back),26.5,30.7,34.8,59.7,95.1,183.6,271.88,359.94,447.78,535.4,622.8,709.98,796.94,883.68,970.2,1056.5,1142.58,1228.44,1314.08,1399.5,1484.7,1569.68,1654.44,1738.98
hangtags,"2"" x 5.5"" Vertical",100 lb. Gloss Cover (C2S) with Aqueous Coating,Full Color Both Sides,28.7,32.9,38.1,65.2,102.8,196.8,290.25,383.15,475.5,567.3,658.55,749.25,839.4,929,1018.05,1106.55,1194.5,1281.9,1368.75,1455.05,1540.8,1626,1710.65,1794.75
hangtags,"2"" x 5.5"" Vertical",14 pt. Gloss Coated Cover (C2S) with High Gloss UV,Full Color Front (No Back),18.14,20.8,26,52,83,166,248.89,331.67,414.34,496.9,579.35,661.69,661.69,826.04,908.05,989.95,1071.74,1153.42,1234.99,1316.45,1397.8,1479.04,1560.17,1641.19
hangtags,"2"" x 5.5"" Vertical",14 pt. Gloss Coated Cover (C2S) with High Gloss UV,Full Color Both Sides,20.23,23.55,28.75,54.2,90.7,181.4,271.88,362.14,452.18,542,631.6,720.98,810.14,899.08,987.8,1076.3,1164.58,1252.64,1340.48,1428.1,1515.5,1602.68,1689.64,1776.38
hangtags,"2"" x 5.75"" Vertical",100 lb. Gloss Cover (C2S) with Aqueous Coating,Full Color Front (No Back),1641.19,35.7,35.7,61.05,97.15,187.4,277.42,367.21,456.77,546.1,635.2,724.07,812.71,901.12,989.3,1077.25,1164.97,1252.46,1339.72,1426.75,1513.55,1600.12,1686.46,1772.57
hangtags,"2"" x 5.75"" Vertical",100 lb. Gloss Cover (C2S) with Aqueous Coating,Full Color Both Sides,29.55,33.85,39.15,66.8,105.2,201.2,296.63,367.21,485.75,579.45,672.57,765.13,857.1,948.5,1039.32,1129.57,1219.25,1308.35,1396.88,1484.82,1572.2,1659,1745.23,1830.88
hangtags,"2"" x 5.75"" Vertical",14 pt. Gloss Coated Cover (C2S) with High Gloss UV,Full Color Front (No Back),18.51,21.2,26.5,53,84.5,169,253.39,337.66,421.81,505.85,589.78,673.58,757.28,840.86,924.32,1007.68,1090.91,1174.03,1257.04,1339.93,1422.7,1505.36,1587.9,1670.34
hangtags,"2"" x 5.75"" Vertical",14 pt. Gloss Coated Cover (C2S) with High Gloss UV,Full Color Both Sides,20.7,24.08,29.38,55.3,92.55,185.1,277.42,369.51,461.37,553,644.4,735.57,826.51,917.22,1007.7,1097.95,1187.97,1277.76,1367.32,1456.65,1545.75,1634.62,1723.26,1811.67
hangtags,"2"" x 6"" Vertical",100 lb. Gloss Cover (C2S) with Aqueous Coating,Full Color Front (No Back),28,32.4,36.6,62.4,107.6,191.2,282.96,374.48,465.76,556.8,647.6,738.16,828.48,918.56,1008.4,1098,1187.36,1276.48,1365.36,1454,1542.4,1630.56,1718.48,1806.16
hangtags,"2"" x 6"" Vertical",100 lb. Gloss Cover (C2S) with Aqueous Coating,Full Color Both Sides,30.4,34.8,40.2,68.4,107.6,205.6,303,399.8,496,591.6,738.16,781,874.8,968,1060.6,1152.6,1244,1334.8,1425,1514.6,1603.6,1692,1779.8,1867
hangtags,"2"" x 6"" Vertical",14 pt. Gloss Coated Cover (C2S) with High Gloss UV,Full Color Front (No Back),18.88,21.6,27,54,86,172,257.88,343.64,429.28,514.8,600.2,685.48,770.64,855.68,940.6,1025.4,1110.08,1194.64,1279.08,1363.4,1447.6,2036.56,1615.64,1699.48
hangtags,"2"" x 6"" Vertical",14 pt. Gloss Coated Cover (C2S) with High Gloss UV,Full Color Both Sides,21.16,24.6,30,56.4,123.4,222.8,337.96,452.88,567.56,682,796.2,1137.36,1023.88,1137.36,1250.6,1363.6,1476.36,1588.88,1701.16,1813.2,1925,1531.68,2147.88,2258.96
hangtags,"2"" x 6.25"" Vertical",100 lb. Gloss Cover (C2S) with Aqueous Coating,Full Color Front (No Back),31.25,35.75,37.5,63.75,101.25,195,288.5,381.75,474.75,567.5,660,752.25,844.25,936,1027.5,1118.75,1209.75,1300.5,1391,1481.25,1571.25,1661,1750.5,1839.75
hangtags,"2"" x 6.25"" Vertical",100 lb. Gloss Cover (C2S) with Aqueous Coating,Full Color Both Sides,28.75,33.25,41.25,63.75,110,210,309.38,408.12,506.25,603.75,700.63,796.88,892.5,987.5,1081.88,1175.63,1268.75,1361.25,1453.13,1544.38,1635,1725,1814.38,1903.13
hangtags,"2"" x 6.25"" Vertical",14 pt. Gloss Coated Cover (C2S) with High Gloss UV,Full Color Front (No Back),19.25,22,27.5,55,87.5,175,262.38,349.63,436.75,523.75,610.63,697.38,784,870.5,956.87,1043.13,1129.25,1215.25,1301.13,1386.88,1472.5,1558,1643.38,1728.63
hangtags,"2"" x 6.25"" Vertical",14 pt. Gloss Coated Cover (C2S) with High Gloss UV,Full Color Both Sides,31.63,35.13,41.63,79.5,125.25,226.5,343.5,460.25,576.75,693,809,924.75,1040.25,1155.5,1270.5,1385.25,1499.75,1614,1728,1841.75,1955.25,2068.5,2181.5,2294.25
hangtags,"2"" x 6.5"" Vertical",100 lb. Gloss Cover (C2S) with Aqueous Coating,Full Color Front (No Back),29.5,34.1,38.4,65.1,103.3,198.8,294.04,389.02,483.74,578.2,672.4,766.34,860.02,953.44,1046.6,1139.5,1232.14,1324.52,1416.64,1508.5,1600.1,1691.44,1782.52,1873.34
hangtags,"2"" x 6.5"" Vertical",100 lb. Gloss Cover (C2S) with Aqueous Coating,Full Color Both Sides,32.1,36.7,42.3,71.6,112.4,214.4,315.75,416.45,516.5,615.9,714.65,812.75,910.2,1007,1103.15,1198.65,1293.5,1387.7,1481.25,1574.15,1666.4,1758,1848.95,1939.25
hangtags,"2"" x 6.5"" Vertical",14 pt. Gloss Coated Cover (C2S) with High Gloss UV,Full Color Front (No Back),19.62,22.4,28,56,89,178,266.87,355.61,444.22,532.7,621.05,709.27,797.36,885.32,973.15,1060.85,1148.42,1235.86,1323.17,1410.35,1497.4,1584.32,1671.11,1757.77
hangtags,"2"" x 6.5"" Vertical",14 pt. Gloss Coated Cover (C2S) with High Gloss UV,Full Color Both Sides,32.09,35.65,42.25,80.6,127.1,230.2,349.04,467.62,585.94,704,821.8,939.34,1056.62,1173.64,1290.4,1406.9,1523.14,1639.12,1754.84,1870.3,1985.5,2100.44,2215.12,2329.54
hangtags,"2"" x 6.75"" Vertical",100 lb. Gloss Cover (C2S) with Aqueous Coating,Full Color Front (No Back),30.25,34.95,39.3,66.45,105.35,202.6,299.58,396.29,492.73,588.9,684.8,780.43,875.79,970.88,1065.7,1160.25,1254.53,1348.54,1442.28,1535.75,1628.95,1721.88,1814.54,1906.93
hangtags,"2"" x 6.75"" Vertical",100 lb. Gloss Cover (C2S) with Aqueous Coating,Full Color Both Sides,32.95,37.65,43.35,73.2,114.8,218.8,322.13,424.77,526.75,628.05,728.68,828.63,927.9,1026.5,1124.42,1221.67,1318.25,1414.15,1509.38,1603.92,1697.8,1791,1883.53,1975.38
hangtags,"2"" x 6.75"" Vertical",14 pt. Gloss Coated Cover (C2S) with High Gloss UV,Full Color Front (No Back),19.99,22.8,28.5,57,90.5,181,271.37,361.59,451.69,541.65,631.48,721.16,810.72,900.14,989.42,1078.58,1167.59,1256.47,1345.22,1433.83,1522.3,1610.64,1698.85,1786.91
hangtags,"2"" x 6.75"" Vertical",14 pt. Gloss Coated Cover (C2S) with High Gloss UV,Full Color Both Sides,22.56,26.18,28.5,59.7,99.95,199.9,299.58,398.99,498.13,597,695.6,793.93,891.99,989.78,1087.3,1184.55,1281.53,1378.24,1474.68,1570.85,1666.75,1762.38,1857.74,1952.83
hangtags,"2"" x 7"" Vertical",100 lb. Gloss Cover (C2S) with Aqueous Coating,Full Color Front (No Back),31,35.8,40.2,67.8,107.4,206.4,305.12,403.56,501.72,599.6,697.2,794.52,891.56,988.32,1084.8,1181,1276.92,1372.56,1467.92,1563,1657.8,1752.32,1846.56,1940.52
hangtags,"2"" x 7"" Vertical",100 lb. Gloss Cover (C2S) with Aqueous Coating,Full Color Both Sides,33.8,38.6,44.4,74.8,117.2,223.2,328.5,433.1,537,640.2,742.7,844.5,945.6,1046,1145.7,1244.7,1343,1440.6,1537.5,1633.7,1729.2,1824,1918.1,2011.5
hangtags,"2"" x 7"" Vertical",14 pt. Gloss Coated Cover (C2S) with High Gloss UV,Full Color Front (No Back),20.36,23.2,29,58,92,184,275.86,367.58,459.16,550.6,641.9,733.06,824.08,914.96,1005.7,1096.3,1186.76,1277.08,1367.26,1457.3,1547.2,1636.96,1726.58,1816.06
hangtags,"2"" x 7"" Vertical",14 pt. Gloss Coated Cover (C2S) with High Gloss UV,Full Color Both Sides,23.02,26.7,32.5,60.8,101.8,203.6,305.12,406.36,507.32,608,708.4,808.52,908.36,1007.92,1107.2,1206.2,1304.92,1403.36,1501.52,1599.4,1697,1794.32,1891.36,1988.12
hangtags,"2"" x 7.25"" Vertical",100 lb. Gloss Cover (C2S) with Aqueous Coating,Full Color Front (No Back),31.75,36.65,41.1,69.15,109.45,210.2,310.66,410.83,510.71,610.3,709.6,808.61,907.33,1005.76,1103.9,1201.75,1299.31,1396.58,1493.56,1590.25,1686.65,1782.76,1878.58,1974.11
hangtags,"2"" x 7.25"" Vertical",100 lb. Gloss Cover (C2S) with Aqueous Coating,Full Color Both Sides,34.65,39.55,45.45,76.4,119.6,227.6,334.88,441.42,547.25,652.35,756.73,860.38,963.3,1065.5,1166.97,1267.72,1367.75,1467.05,1565.63,1663.47,1760.6,1857,1952.68,2047.63
hangtags,"2"" x 7.25"" Vertical",14 pt. Gloss Coated Cover (C2S) with High Gloss UV,Full Color Front (No Back),20.73,23.6,29.5,59,93.5,187,280.35,373.56,466.63,559.55,652.33,744.95,837.44,929.78,1021.97,1114.03,1205.93,1297.69,1389.31,1480.78,1572.1,1663.28,1754.31,1845.21
hangtags,"2"" x 7.25"" Vertical",14 pt. Gloss Coated Cover (C2S) with High Gloss UV,Full Color Both Sides,23.49,27.23,33.13,61.9,103.65,207.3,310.66,413.73,516.51,619,721.2,823.11,924.73,1026.06,1127.1,1227.85,1328.31,1428.48,1528.36,1627.95,1727.25,1826.26,1924.98,2023.41
hangtags,"2"" x 7.5"" Vertical",100 lb. Gloss Cover (C2S) with Aqueous Coating,Full Color Front (No Back),32.5,37.5,42,70.5,111.5,214,316.2,418.1,519.7,621,722,822.7,923.1,1023.2,1123,1222.5,1321.7,1420.6,1519.2,1617.5,1715.5,1813.2,1910.6,2007.7
hangtags,"2"" x 7.5"" Vertical",100 lb. Gloss Cover (C2S) with Aqueous Coating,Full Color Both Sides,35.5,40.5,46.5,78,122,232,341.25,449.75,557.5,664.5,770.75,876.25,981,1085,1188.25,1290.75,1392.5,1493.5,1593.75,1693.25,1792,1890,1987.25,2083.75
hangtags,"2"" x 7.5"" Vertical",14 pt. Gloss Coated Cover (C2S) with High Gloss UV,Full Color Front (No Back),21.1,24,30,60,95,190,284.85,379.55,474.1,568.5,662.75,756.85,850.8,944.6,1038.25,1131.75,1225.1,1318.3,1411.35,1504.25,1597,1689.6,1782.05,1874.35
hangtags,"2"" x 7.5"" Vertical",14 pt. Gloss Coated Cover (C2S) with High Gloss UV,Full Color Both Sides,23.95,27.75,33.75,63,105.5,211,316.2,421.1,525.7,630,734,837.7,941.1,1044.2,1147,1249.5,1351.7,1453.6,1555.2,1656.5,1757.5,1858.2,1958.6,2058.7
hangtags,"2"" x 7.75"" Vertical",100 lb. Gloss Cover (C2S) with Aqueous Coating,Full Color Front (No Back),33.25,38.35,42.9,71.85,113.55,217.8,321.74,425.37,528.69,631.7,734.4,836.79,938.87,1040.64,1142.1,1243.25,1344.09,1444.62,1544.84,1644.75,1744.35,1843.64,1942.62,2041.29
hangtags,"2"" x 7.75"" Vertical",100 lb. Gloss Cover (C2S) with Aqueous Coating,Full Color Both Sides,2058.7,41.45,47.55,79.6,124.4,236.4,347.63,458.07,567.75,676.65,784.78,892.13,998.7,1104.5,1209.52,1313.77,1417.25,1519.95,1621.88,1723.02,1823.4,1923,2021.83,2119.88
hangtags,"2"" x 7.75"" Vertical",14 pt. Gloss Coated Cover (C2S) with High Gloss UV,Full Color Front (No Back),21.47,24.4,30.5,61,96.5,193,289.34,385.53,481.57,577.45,673.18,768.75,864.16,959.42,1054.52,1149.48,1244.27,1338.91,1433.4,1527.73,1621.9,1715.92,1809.78,1903.5
hangtags,"2"" x 7.75"" Vertical",14 pt. Gloss Coated Cover (C2S) with High Gloss UV,Full Color Both Sides,24.42,28.28,34.38,64.1,96.5,214.7,321.74,428.47,534.89,641,746.8,852.29,957.47,1062.34,1166.9,1271.15,1375.09,1478.72,1582.04,1685.05,1787.75,1890.14,1992.22,2093.99
hangtags,"2"" x 8"" Vertical",100 lb. Gloss Cover (C2S) with Aqueous Coating,Full Color Front (No Back),34,39.2,43.8,73.2,115.6,221.6,327.28,432.64,537.68,642.4,746.8,850.88,954.64,1058.08,1161.2,1264,1366.48,1468.64,1570.48,1672,1773.2,1874.08,1974.64,2074.88
hangtags,"2"" x 8"" Vertical",100 lb. Gloss Cover (C2S) with Aqueous Coating,Full Color Both Sides,37.2,42.4,48.6,81.2,126.8,240.8,354,466.4,578,688.8,798.8,908,1016.4,1124,1230.8,1336.8,1442,1546.4,1570.48,1752.8,1854.8,1956,2056.4,2156
hangtags,"2"" x 8"" Vertical",14 pt. Gloss Coated Cover (C2S) with High Gloss UV,Full Color Front (No Back),21.84,24.8,31,62,98,196,293.84,391.52,489.04,586.4,683.6,780.64,780.64,974.24,1070.8,1167.2,1263.44,1359.52,1455.44,1551.2,1646.8,1742.24,1837.52,1932.64
hangtags,"2"" x 8"" Vertical",14 pt. Gloss Coated Cover (C2S) with High Gloss UV,Full Color Both Sides,24.88,28.8,35,35,98,218.4,327.28,435.84,544.08,652,759.6,866.88,973.84,1080.48,1186.8,1292.8,1398.48,1503.84,1608.88,1713.6,1818,1922.08,2025.84,2129.28
hangtags,"3"" x 3""",100 lb. Gloss Cover (C2S) with Aqueous Coating,Full Color Front (No Back),23.5,28.2,33.9,61.5,104,199,293.46,387.02,479.68,571.44,662.3,752.26,841.32,929.48,1016.74,1103.1,1188.56,1273.12,1356.78,1439.54,1521.4,1602.36,1682.42,1761.58
hangtags,"3"" x 3""",100 lb. Gloss Cover (C2S) with Aqueous Coating,Full Color Both Sides,26.2,30.9,36.6,70.5,117.5,217,315.96,414.38,512.26,609.6,706.4,802.66,898.38,993.56,1088.2,1182.3,1275.86,1368.88,1461.36,1553.3,1644.7,1735.56,1825.88,1915.66
hangtags,"3"" x 3""",14 pt. Gloss Coated Cover (C2S) with High Gloss UV,Full Color Front (No Back),16.3,19.65,24.18,50.25,80.78,161.56,242.25,322.58,402.55,482.16,561.41,640.3,718.83,797,874.81,952.26,1029.35,1106.08,1182.45,1258.46,1334.11,1409.4,1484.33,1558.9
hangtags,"3"" x 3""",14 pt. Gloss Coated Cover (C2S) with High Gloss UV,Full Color Both Sides,17.2,20.1,24.9,52.05,88.52,177.04,265.29,353.27,440.98,528.42,615.59,702.49,789.12,875.48,961.57,1047.39,1132.94,1218.22,1387.97,1387.97,1472.44,1556.64,1640.57,1724.23
hangtags,"3.25"" x 4"" Pre-Scored to Fold to 2"" x 3.25"" Vertical",100 lb. Gloss Cover (C2S) with Aqueous Coating,Full Color Front (No Back),45.5,52.1,63.4,110.1,183.3,338.8,514.04,689.02,863.74,1038.2,1212.4,1386.34,1560.02,1733.44,1906.6,2079.5,2252.14,2424.52,2596.64,2768.5,2940.1,3111.44,3282.52,3453.34
hangtags,"3.25"" x 4"" Pre-Scored to Fold to 2"" x 3.25"" Vertical",100 lb. Gloss Cover (C2S) with Aqueous Coating,Full Color Both Sides,48.1,54.7,67.3,116.6,192.4,354.4,535.75,716.45,896.5,1075.9,1254.65,1432.75,1610.2,1787,1963.15,2138.65,2313.5,2487.7,2661.25,2834.15,3006.4,3178,3348.95,3519.25
hangtags,"3.25"" x 4"" Pre-Scored to Fold to 2"" x 3.25"" Vertical",14 pt. Gloss Coated Cover (C2S) with High Gloss UV,Full Color Front (No Back),35.62,40.4,53,101,169,318,486.87,655.61,824.22,992.7,1161.05,1329.27,1497.36,1665.32,1833.15,2000.85,2168.42,2335.86,2503.17,2670.35,2837.4,3004.32,3171.11,3337.77
hangtags,"3.25"" x 4"" Pre-Scored to Fold to 2"" x 3.25"" Vertical",14 pt. Gloss Coated Cover (C2S) with High Gloss UV,Full Color Both Sides,38.09,43.65,56.25,103.6,178.1,336.2,514.04,691.62,868.94,1046,1222.8,1399.34,1575.62,1751.64,1927.4,2102.9,2278.14,2453.12,2627.84,2802.3,2976.5,3150.44,3324.12,3497.54
hangtags,"4"" x 4"" Pre-Scored to Fold to 2"" x 4"" Vertical",100 lb. Gloss Cover (C2S) with Aqueous Coating,Full Color Front (No Back),50,57.2,68.8,118.2,195.6,361.6,547.28,732.64,917.68,1102.4,1286.8,1470.88,1654.64,1838.08,2021.2,2204,2386.48,2568.64,2750.48,2932,3113.2,3294.08,3474.64,3654.88
hangtags,"4"" x 4"" Pre-Scored to Fold to 2"" x 4"" Vertical",100 lb. Gloss Cover (C2S) with Aqueous Coating,Full Color Both Sides,53.2,60.4,73.6,126.2,206.8,380.8,574,766.4,958,1148.8,1338.8,1528,1716.4,1904,2090.8,2276.8,2462,2646.4,2830,3012.8,3194.8,3376,3556.4,3736
hangtags,"4"" x 4"" Pre-Scored to Fold to 2"" x 4"" Vertical",14 pt. Gloss Coated Cover (C2S) with High Gloss UV,Full Color Front (No Back),37.84,42.8,56,107,178,336,513.84,691.52,869.04,1046.4,1223.6,1400.64,1577.52,1754.24,2046.8,2107.2,2283.44,2459.52,2635.44,2811.2,2986.8,3162.24,3337.52,3512.64
hangtags,"4"" x 4"" Pre-Scored to Fold to 2"" x 4"" Vertical",14 pt. Gloss Coated Cover (C2S) with High Gloss UV,Full Color Both Sides,40.88,46.8,60,110.2,189.2,358.4,547.28,735.84,924.08,1112,1299.6,1486.88,1673.84,1860.48,2046.8,2232.8,2418.48,2603.84,2788.88,2973.6,3158,3342.08,3525.84,3709.28
